{
  "hash": "99f6f748",
  "browserHash": "f3a903a5",
  "optimized": {
    "@angular/common": {
      "src": "../../../../../node_modules/@angular/common/fesm2022/common.mjs",
      "file": "@angular_common.js",
      "fileHash": "344e5e3b",
      "needsInterop": false
    },
    "@angular/common/http": {
      "src": "../../../../../node_modules/@angular/common/fesm2022/http.mjs",
      "file": "@angular_common_http.js",
      "fileHash": "21391173",
      "needsInterop": false
    },
    "@angular/core": {
      "src": "../../../../../node_modules/@angular/core/fesm2022/core.mjs",
      "file": "@angular_core.js",
      "fileHash": "ffad5ba2",
      "needsInterop": false
    },
    "@angular/platform-browser": {
      "src": "../../../../../node_modules/@angular/platform-browser/fesm2022/platform-browser.mjs",
      "file": "@angular_platform-browser.js",
      "fileHash": "7e115983",
      "needsInterop": false
    },
    "@angular/platform-browser/animations": {
      "src": "../../../../../node_modules/@angular/platform-browser/fesm2022/animations.mjs",
      "file": "@angular_platform-browser_animations.js",
      "fileHash": "710ee5b4",
      "needsInterop": false
    },
    "@angular/router": {
      "src": "../../../../../node_modules/@angular/router/fesm2022/router.mjs",
      "file": "@angular_router.js",
      "fileHash": "b9bdd9bc",
      "needsInterop": false
    }
  },
  "chunks": {
    "chunk-OTU53PJL": {
      "file": "chunk-OTU53PJL.js"
    },
    "chunk-2DBE5FEL": {
      "file": "chunk-2DBE5FEL.js"
    },
    "chunk-VMLJUYH2": {
      "file": "chunk-VMLJUYH2.js"
    },
    "chunk-NJK2JSKD": {
      "file": "chunk-NJK2JSKD.js"
    }
  }
}