{
  "hash": "aad91a3e",
  "browserHash": "5725d238",
  "optimized": {
    "@angular/common": {
      "src": "../../../../../node_modules/@angular/common/fesm2022/common.mjs",
      "file": "@angular_common.js",
      "fileHash": "b5ea6943",
      "needsInterop": false
    },
    "@angular/common/http": {
      "src": "../../../../../node_modules/@angular/common/fesm2022/http.mjs",
      "file": "@angular_common_http.js",
      "fileHash": "8f50fa29",
      "needsInterop": false
    },
    "@angular/core": {
      "src": "../../../../../node_modules/@angular/core/fesm2022/core.mjs",
      "file": "@angular_core.js",
      "fileHash": "08b8a725",
      "needsInterop": false
    },
    "@angular/platform-browser": {
      "src": "../../../../../node_modules/@angular/platform-browser/fesm2022/platform-browser.mjs",
      "file": "@angular_platform-browser.js",
      "fileHash": "5e330a15",
      "needsInterop": false
    },
    "@angular/router": {
      "src": "../../../../../node_modules/@angular/router/fesm2022/router.mjs",
      "file": "@angular_router.js",
      "fileHash": "b60cab89",
      "needsInterop": false
    },
    "express": {
      "src": "../../../../../node_modules/express/index.js",
      "file": "express.js",
      "fileHash": "7f44f6f9",
      "needsInterop": true
    },
    "@angular/platform-browser/animations": {
      "src": "../../../../../node_modules/@angular/platform-browser/fesm2022/animations.mjs",
      "file": "@angular_platform-browser_animations.js",
      "fileHash": "ca30654c",
      "needsInterop": false
    }
  },
  "chunks": {
    "chunk-H4BXAZCI": {
      "file": "chunk-H4BXAZCI.js"
    },
    "chunk-MZNTC5MB": {
      "file": "chunk-MZNTC5MB.js"
    },
    "chunk-SXTX6SHP": {
      "file": "chunk-SXTX6SHP.js"
    },
    "chunk-HC4PQLVF": {
      "file": "chunk-HC4PQLVF.js"
    },
    "chunk-FWOMF3V2": {
      "file": "chunk-FWOMF3V2.js"
    }
  }
}