{
  "version": "6.0",
  "nxVersion": "17.2.6",
  "deps": {
    "@angular/animations": "~17.0.0",
    "@angular/common": "~17.0.0",
    "@angular/compiler": "~17.0.0",
    "@angular/core": "~17.0.0",
    "@angular/forms": "~17.0.0",
    "@angular/platform-browser": "~17.0.0",
    "@angular/platform-browser-dynamic": "~17.0.0",
    "@angular/router": "~17.0.0",
    "@nx/angular": "17.2.6",
    "rxjs": "~7.8.0",
    "tslib": "^2.3.0",
    "zone.js": "~0.14.0",
    "@angular-devkit/build-angular": "~17.0.0",
    "@angular-devkit/core": "~17.0.0",
    "@angular-devkit/schematics": "~17.0.0",
    "@angular-eslint/eslint-plugin": "~17.0.0",
    "@angular-eslint/eslint-plugin-template": "~17.0.0",
    "@angular-eslint/template-parser": "~17.0.0",
    "@angular/cli": "~17.0.0",
    "@angular/compiler-cli": "~17.0.0",
    "@angular/language-service": "~17.0.0",
    "@nx/cypress": "17.2.6",
    "@nx/eslint": "17.2.6",
    "@nx/eslint-plugin": "17.2.6",
    "@nx/jest": "17.2.6",
    "@nx/js": "17.2.6",
    "@nx/web": "17.2.6",
    "@nx/workspace": "17.2.6",
    "@schematics/angular": "~17.0.0",
    "@swc-node/register": "~1.6.7",
    "@swc/core": "~1.3.85",
    "@types/jest": "^29.4.0",
    "@types/node": "18.16.9",
    "@typescript-eslint/eslint-plugin": "^6.9.1",
    "@typescript-eslint/parser": "^6.9.1",
    "cypress": "^13.0.0",
    "eslint": "~8.48.0",
    "eslint-config-prettier": "^9.0.0",
    "eslint-plugin-cypress": "^2.13.4",
    "jest": "^29.4.1",
    "jest-environment-jsdom": "^29.4.1",
    "jest-preset-angular": "~13.1.4",
    "jsonc-eslint-parser": "^2.1.0",
    "nx": "17.2.6",
    "prettier": "^2.6.2",
    "ts-jest": "^29.1.0",
    "ts-node": "10.9.1",
    "typescript": "~5.2.2"
  },
  "pathMappings": {
    "@angular-monorepo/comments": [
      "libs/comments/src/index.ts"
    ],
    "@angular-monorepo/menu": [
      "libs/menu/src/index.ts"
    ],
    "@angular-monorepo/posts": [
      "libs/post/src/index.ts"
    ],
    "@angular-monorepo/producto": [
      "libs/producto/src/index.ts"
    ]
  },
  "nxJsonPlugins": [],
  "fileMap": {
    "nonProjectFiles": [
      {
        "file": ".gitignore",
        "hash": "8491837053101957257"
      },
      {
        "file": "nx.json",
        "hash": "1476367392369988640"
      },
      {
        "file": ".eslintrc.json",
        "hash": "18315524891129148814"
      },
      {
        "file": "package.json",
        "hash": "4889665385250692421"
      },
      {
        "file": "tsconfig.base.json",
        "hash": "14525009665468629861"
      },
      {
        "file": "README.md",
        "hash": "11950400566831052313"
      },
      {
        "file": ".prettierrc",
        "hash": "16267754514737964994"
      },
      {
        "file": ".editorconfig",
        "hash": "5443105041930014821"
      },
      {
        "file": "jest.config.ts",
        "hash": "12333515226966617182"
      },
      {
        "file": "package-lock.json",
        "hash": "4841918736260989509"
      },
      {
        "file": "jest.preset.js",
        "hash": "9430166341120122740"
      },
      {
        "file": ".vscode/extensions.json",
        "hash": "235626400633494639"
      },
      {
        "file": ".eslintignore",
        "hash": "7663861978715868291"
      },
      {
        "file": ".prettierignore",
        "hash": "3395189204293871444"
      }
    ],
    "projectFileMap": {
      "AppX-e2e": [
        {
          "file": "apps/AppX-e2e/.eslintrc.json",
          "hash": "14060216369337943343"
        },
        {
          "file": "apps/AppX-e2e/cypress.config.ts",
          "hash": "12586416982398116375",
          "deps": [
            "npm:@nx/cypress",
            "npm:cypress"
          ]
        },
        {
          "file": "apps/AppX-e2e/project.json",
          "hash": "11946994691574616862"
        },
        {
          "file": "apps/AppX-e2e/src/e2e/app.cy.ts",
          "hash": "7418575553871660071"
        },
        {
          "file": "apps/AppX-e2e/src/fixtures/example.json",
          "hash": "11785586596216172004"
        },
        {
          "file": "apps/AppX-e2e/src/support/app.po.ts",
          "hash": "11157016311132186162"
        },
        {
          "file": "apps/AppX-e2e/src/support/commands.ts",
          "hash": "5397443931564808659"
        },
        {
          "file": "apps/AppX-e2e/src/support/e2e.ts",
          "hash": "1054106023200826784"
        },
        {
          "file": "apps/AppX-e2e/tsconfig.json",
          "hash": "4332380883180617610"
        }
      ],
      "AppZ": [
        {
          "file": "apps/AppZ/.eslintrc.json",
          "hash": "11388909363279448054"
        },
        {
          "file": "apps/AppZ/jest.config.ts",
          "hash": "1364332396381317908"
        },
        {
          "file": "apps/AppZ/project.json",
          "hash": "507226018861977674"
        },
        {
          "file": "apps/AppZ/src/app/app.component.css",
          "hash": "3244421341483603138"
        },
        {
          "file": "apps/AppZ/src/app/app.component.html",
          "hash": "12999048669766211076"
        },
        {
          "file": "apps/AppZ/src/app/app.component.spec.ts",
          "hash": "8295528685008205480",
          "deps": [
            "npm:@angular/core",
            "npm:@angular/router"
          ]
        },
        {
          "file": "apps/AppZ/src/app/app.component.ts",
          "hash": "10971096329824823137",
          "deps": [
            "npm:@angular/core",
            "npm:@angular/router",
            "comments"
          ]
        },
        {
          "file": "apps/AppZ/src/app/app.config.ts",
          "hash": "8676561741754521501",
          "deps": [
            "npm:@angular/core",
            "npm:@angular/router",
            "npm:@angular/platform-browser",
            "npm:@angular/common"
          ]
        },
        {
          "file": "apps/AppZ/src/app/app.routes.ts",
          "hash": "6185150965714414910",
          "deps": [
            "npm:@angular/router"
          ]
        },
        {
          "file": "apps/AppZ/src/app/nx-welcome.component.ts",
          "hash": "8425366788744711411",
          "deps": [
            "npm:@angular/core",
            "npm:@angular/common",
            "comments"
          ]
        },
        {
          "file": "apps/AppZ/src/app/services/comment/comments.service.spec.ts",
          "hash": "278974718259457225",
          "deps": [
            "npm:@angular/core"
          ]
        },
        {
          "file": "apps/AppZ/src/app/services/comment/comments.service.ts",
          "hash": "7196766631046148648",
          "deps": [
            "npm:@angular/core",
            "npm:@angular/common",
            "npm:rxjs"
          ]
        },
        {
          "file": "apps/AppZ/src/assets/.gitkeep",
          "hash": "3244421341483603138"
        },
        {
          "file": "apps/AppZ/src/favicon.ico",
          "hash": "9303420814833116677"
        },
        {
          "file": "apps/AppZ/src/index.html",
          "hash": "4136361628735261094"
        },
        {
          "file": "apps/AppZ/src/main.ts",
          "hash": "16635586463787978962",
          "deps": [
            "npm:@angular/platform-browser"
          ]
        },
        {
          "file": "apps/AppZ/src/styles.css",
          "hash": "5195668842064076916"
        },
        {
          "file": "apps/AppZ/src/test-setup.ts",
          "hash": "12935735732682149507",
          "deps": [
            "npm:jest-preset-angular"
          ]
        },
        {
          "file": "apps/AppZ/tsconfig.app.json",
          "hash": "8365644956319658761"
        },
        {
          "file": "apps/AppZ/tsconfig.editor.json",
          "hash": "17511610827034788226"
        },
        {
          "file": "apps/AppZ/tsconfig.json",
          "hash": "11271817794535700763"
        },
        {
          "file": "apps/AppZ/tsconfig.spec.json",
          "hash": "2927375835638640771"
        }
      ],
      "comments": [
        {
          "file": "libs/comments/.eslintrc.json",
          "hash": "11388909363279448054"
        },
        {
          "file": "libs/comments/README.md",
          "hash": "2005772874877034873"
        },
        {
          "file": "libs/comments/jest.config.ts",
          "hash": "17532841160392816669"
        },
        {
          "file": "libs/comments/project.json",
          "hash": "6818805297123840751"
        },
        {
          "file": "libs/comments/src/index.ts",
          "hash": "7642836940287502889"
        },
        {
          "file": "libs/comments/src/lib/comments/comments.component.css",
          "hash": "10969283294964514960"
        },
        {
          "file": "libs/comments/src/lib/comments/comments.component.html",
          "hash": "17347466299387332754"
        },
        {
          "file": "libs/comments/src/lib/comments/comments.component.spec.ts",
          "hash": "8727992614100927866",
          "deps": [
            "npm:@angular/core"
          ]
        },
        {
          "file": "libs/comments/src/lib/comments/comments.component.ts",
          "hash": "4138341274838895899",
          "deps": [
            "npm:@angular/core",
            "npm:@angular/common"
          ]
        },
        {
          "file": "libs/comments/src/test-setup.ts",
          "hash": "12935735732682149507",
          "deps": [
            "npm:jest-preset-angular"
          ]
        },
        {
          "file": "libs/comments/tsconfig.json",
          "hash": "15487755565970508470"
        },
        {
          "file": "libs/comments/tsconfig.lib.json",
          "hash": "5796668385415907511"
        },
        {
          "file": "libs/comments/tsconfig.spec.json",
          "hash": "2927375835638640771"
        }
      ],
      "posts": [
        {
          "file": "libs/post/.eslintrc.json",
          "hash": "11388909363279448054"
        },
        {
          "file": "libs/post/README.md",
          "hash": "14623945189428844122"
        },
        {
          "file": "libs/post/jest.config.ts",
          "hash": "14884456220961984430"
        },
        {
          "file": "libs/post/project.json",
          "hash": "159828350875329836"
        },
        {
          "file": "libs/post/src/index.ts",
          "hash": "15856630866186008218"
        },
        {
          "file": "libs/post/src/lib/posts/posts.component.css",
          "hash": "111687907822129521"
        },
        {
          "file": "libs/post/src/lib/posts/posts.component.html",
          "hash": "16575742616150759494"
        },
        {
          "file": "libs/post/src/lib/posts/posts.component.spec.ts",
          "hash": "15726033738129285491",
          "deps": [
            "npm:@angular/core"
          ]
        },
        {
          "file": "libs/post/src/lib/posts/posts.component.ts",
          "hash": "3409246236931585539",
          "deps": [
            "npm:@angular/core",
            "npm:@angular/common"
          ]
        },
        {
          "file": "libs/post/src/test-setup.ts",
          "hash": "12935735732682149507",
          "deps": [
            "npm:jest-preset-angular"
          ]
        },
        {
          "file": "libs/post/tsconfig.json",
          "hash": "15487755565970508470"
        },
        {
          "file": "libs/post/tsconfig.lib.json",
          "hash": "5796668385415907511"
        },
        {
          "file": "libs/post/tsconfig.spec.json",
          "hash": "2927375835638640771"
        }
      ],
      "menu": [
        {
          "file": "libs/menu/.eslintrc.json",
          "hash": "11388909363279448054"
        },
        {
          "file": "libs/menu/README.md",
          "hash": "5806655398900889409"
        },
        {
          "file": "libs/menu/jest.config.ts",
          "hash": "12449764604056194809"
        },
        {
          "file": "libs/menu/project.json",
          "hash": "1601652249460395882"
        },
        {
          "file": "libs/menu/src/index.ts",
          "hash": "4812291396501523445"
        },
        {
          "file": "libs/menu/src/lib/menu/menu.component.css",
          "hash": "2571706320251367049"
        },
        {
          "file": "libs/menu/src/lib/menu/menu.component.html",
          "hash": "3039817047990159642"
        },
        {
          "file": "libs/menu/src/lib/menu/menu.component.spec.ts",
          "hash": "16352832585833982840",
          "deps": [
            "npm:@angular/core"
          ]
        },
        {
          "file": "libs/menu/src/lib/menu/menu.component.ts",
          "hash": "18434999368248076902",
          "deps": [
            "npm:@angular/core",
            "npm:@angular/common"
          ]
        },
        {
          "file": "libs/menu/src/test-setup.ts",
          "hash": "12935735732682149507",
          "deps": [
            "npm:jest-preset-angular"
          ]
        },
        {
          "file": "libs/menu/tsconfig.json",
          "hash": "15487755565970508470"
        },
        {
          "file": "libs/menu/tsconfig.lib.json",
          "hash": "5796668385415907511"
        },
        {
          "file": "libs/menu/tsconfig.spec.json",
          "hash": "2927375835638640771"
        }
      ],
      "AppZ-e2e": [
        {
          "file": "apps/AppZ-e2e/.eslintrc.json",
          "hash": "14060216369337943343"
        },
        {
          "file": "apps/AppZ-e2e/cypress.config.ts",
          "hash": "12586416982398116375",
          "deps": [
            "npm:@nx/cypress",
            "npm:cypress"
          ]
        },
        {
          "file": "apps/AppZ-e2e/project.json",
          "hash": "15174127108024129984"
        },
        {
          "file": "apps/AppZ-e2e/src/e2e/app.cy.ts",
          "hash": "4727324057578410352"
        },
        {
          "file": "apps/AppZ-e2e/src/fixtures/example.json",
          "hash": "11785586596216172004"
        },
        {
          "file": "apps/AppZ-e2e/src/support/app.po.ts",
          "hash": "11157016311132186162"
        },
        {
          "file": "apps/AppZ-e2e/src/support/commands.ts",
          "hash": "5397443931564808659"
        },
        {
          "file": "apps/AppZ-e2e/src/support/e2e.ts",
          "hash": "1054106023200826784"
        },
        {
          "file": "apps/AppZ-e2e/tsconfig.json",
          "hash": "4332380883180617610"
        }
      ],
      "AppX": [
        {
          "file": "apps/AppX/.eslintrc.json",
          "hash": "11388909363279448054"
        },
        {
          "file": "apps/AppX/jest.config.ts",
          "hash": "12084657244749163280"
        },
        {
          "file": "apps/AppX/project.json",
          "hash": "7463746668442606440"
        },
        {
          "file": "apps/AppX/src/app/app.component.css",
          "hash": "3244421341483603138"
        },
        {
          "file": "apps/AppX/src/app/app.component.html",
          "hash": "12999048669766211076"
        },
        {
          "file": "apps/AppX/src/app/app.component.spec.ts",
          "hash": "3725823450167677562",
          "deps": [
            "npm:@angular/core",
            "npm:@angular/router"
          ]
        },
        {
          "file": "apps/AppX/src/app/app.component.ts",
          "hash": "12170906321112249365",
          "deps": [
            "npm:@angular/core",
            "npm:@angular/router",
            "menu"
          ]
        },
        {
          "file": "apps/AppX/src/app/app.config.ts",
          "hash": "5283473386042930691",
          "deps": [
            "npm:@angular/core",
            "npm:@angular/router",
            "npm:@angular/platform-browser",
            "npm:@angular/common"
          ]
        },
        {
          "file": "apps/AppX/src/app/app.routes.ts",
          "hash": "6185150965714414910",
          "deps": [
            "npm:@angular/router"
          ]
        },
        {
          "file": "apps/AppX/src/app/componentes/componentes/tabla.component.css",
          "hash": "3244421341483603138"
        },
        {
          "file": "apps/AppX/src/app/componentes/componentes/tabla.component.html",
          "hash": "1173374785587492100"
        },
        {
          "file": "apps/AppX/src/app/componentes/componentes/tabla.component.spec.ts",
          "hash": "12727539778009325470",
          "deps": [
            "npm:@angular/core"
          ]
        },
        {
          "file": "apps/AppX/src/app/componentes/componentes/tabla.component.ts",
          "hash": "3215953243771059549",
          "deps": [
            "npm:@angular/core",
            "npm:@angular/common"
          ]
        },
        {
          "file": "apps/AppX/src/app/nx-welcome.component.ts",
          "hash": "13440397130834488958",
          "deps": [
            "npm:@angular/core",
            "npm:@angular/common",
            "menu"
          ]
        },
        {
          "file": "apps/AppX/src/assets/.gitkeep",
          "hash": "3244421341483603138"
        },
        {
          "file": "apps/AppX/src/favicon.ico",
          "hash": "9303420814833116677"
        },
        {
          "file": "apps/AppX/src/index.html",
          "hash": "8093889413092083330"
        },
        {
          "file": "apps/AppX/src/main.ts",
          "hash": "16635586463787978962",
          "deps": [
            "npm:@angular/platform-browser"
          ]
        },
        {
          "file": "apps/AppX/src/styles.css",
          "hash": "5195668842064076916"
        },
        {
          "file": "apps/AppX/src/test-setup.ts",
          "hash": "12935735732682149507",
          "deps": [
            "npm:jest-preset-angular"
          ]
        },
        {
          "file": "apps/AppX/tsconfig.app.json",
          "hash": "8365644956319658761"
        },
        {
          "file": "apps/AppX/tsconfig.editor.json",
          "hash": "17511610827034788226"
        },
        {
          "file": "apps/AppX/tsconfig.json",
          "hash": "11271817794535700763"
        },
        {
          "file": "apps/AppX/tsconfig.spec.json",
          "hash": "2927375835638640771"
        },
        {
          "file": "apps/AppX/src/app/services/user/users.service.spec.ts",
          "hash": "5927706932703840704",
          "deps": [
            "npm:@angular/core"
          ]
        },
        {
          "file": "apps/AppX/src/app/services/user/users.service.ts",
          "hash": "14781598544253190012",
          "deps": [
            "npm:@angular/core",
            "npm:@angular/common",
            "npm:rxjs"
          ]
        }
      ],
      "AppY": [
        {
          "file": "apps/AppY/.eslintrc.json",
          "hash": "11388909363279448054"
        },
        {
          "file": "apps/AppY/jest.config.ts",
          "hash": "4699286400632462937"
        },
        {
          "file": "apps/AppY/project.json",
          "hash": "2036412822702541529"
        },
        {
          "file": "apps/AppY/src/app/app.component.css",
          "hash": "15872942282175675428"
        },
        {
          "file": "apps/AppY/src/app/app.component.html",
          "hash": "16750096803936563073"
        },
        {
          "file": "apps/AppY/src/app/app.component.spec.ts",
          "hash": "264231980850018998",
          "deps": [
            "npm:@angular/core",
            "npm:@angular/router"
          ]
        },
        {
          "file": "apps/AppY/src/app/app.component.ts",
          "hash": "14261988398509515750",
          "deps": [
            "npm:@angular/core",
            "npm:@angular/router",
            "posts"
          ]
        },
        {
          "file": "apps/AppY/src/app/app.config.ts",
          "hash": "3329692445815436528",
          "deps": [
            "npm:@angular/core",
            "npm:@angular/router",
            "npm:@angular/platform-browser",
            "npm:@angular/common"
          ]
        },
        {
          "file": "apps/AppY/src/app/app.routes.ts",
          "hash": "6185150965714414910",
          "deps": [
            "npm:@angular/router"
          ]
        },
        {
          "file": "apps/AppY/src/app/nx-welcome.component.ts",
          "hash": "3552534743314781057",
          "deps": [
            "npm:@angular/core",
            "npm:@angular/common",
            "posts"
          ]
        },
        {
          "file": "apps/AppY/src/app/services/post/posts.service.spec.ts",
          "hash": "6386177868444191783",
          "deps": [
            "npm:@angular/core"
          ]
        },
        {
          "file": "apps/AppY/src/app/services/post/posts.service.ts",
          "hash": "4884357700670971231",
          "deps": [
            "npm:@angular/core",
            "npm:@angular/common",
            "npm:rxjs"
          ]
        },
        {
          "file": "apps/AppY/src/assets/.gitkeep",
          "hash": "3244421341483603138"
        },
        {
          "file": "apps/AppY/src/favicon.ico",
          "hash": "9303420814833116677"
        },
        {
          "file": "apps/AppY/src/index.html",
          "hash": "13774608444602663069"
        },
        {
          "file": "apps/AppY/src/main.ts",
          "hash": "16635586463787978962",
          "deps": [
            "npm:@angular/platform-browser"
          ]
        },
        {
          "file": "apps/AppY/src/styles.css",
          "hash": "5195668842064076916"
        },
        {
          "file": "apps/AppY/src/test-setup.ts",
          "hash": "12935735732682149507",
          "deps": [
            "npm:jest-preset-angular"
          ]
        },
        {
          "file": "apps/AppY/tsconfig.app.json",
          "hash": "8365644956319658761"
        },
        {
          "file": "apps/AppY/tsconfig.editor.json",
          "hash": "17511610827034788226"
        },
        {
          "file": "apps/AppY/tsconfig.json",
          "hash": "11271817794535700763"
        },
        {
          "file": "apps/AppY/tsconfig.spec.json",
          "hash": "2927375835638640771"
        }
      ],
      "AppY-e2e": [
        {
          "file": "apps/AppY-e2e/.eslintrc.json",
          "hash": "14060216369337943343"
        },
        {
          "file": "apps/AppY-e2e/cypress.config.ts",
          "hash": "12586416982398116375",
          "deps": [
            "npm:@nx/cypress",
            "npm:cypress"
          ]
        },
        {
          "file": "apps/AppY-e2e/project.json",
          "hash": "6780423081045900458"
        },
        {
          "file": "apps/AppY-e2e/src/e2e/app.cy.ts",
          "hash": "6896001022547204207"
        },
        {
          "file": "apps/AppY-e2e/src/fixtures/example.json",
          "hash": "11785586596216172004"
        },
        {
          "file": "apps/AppY-e2e/src/support/app.po.ts",
          "hash": "11157016311132186162"
        },
        {
          "file": "apps/AppY-e2e/src/support/commands.ts",
          "hash": "5397443931564808659"
        },
        {
          "file": "apps/AppY-e2e/src/support/e2e.ts",
          "hash": "1054106023200826784"
        },
        {
          "file": "apps/AppY-e2e/tsconfig.json",
          "hash": "4332380883180617610"
        }
      ]
    }
  }
}
